120,1,0,0,0,1,2,0,1,1,0,0,1,2,0,0,0,0,0,0,0,0,1,0,0,0,0,0,0,0,0
0,117,0,1,0,1,0,1,0,0,0,1,0,0,1,1,0,0,0,0,4,0,0,0,0,1,0,0,1,1,0
0,0,122,0,1,1,0,0,0,0,0,1,0,0,1,1,0,0,0,0,3,0,0,0,0,0,0,0,0,0,0
0,0,1,122,0,1,0,0,0,0,0,0,0,0,0,0,0,0,0,0,5,0,1,0,0,0,0,0,0,0,0
0,0,0,0,122,1,0,0,1,0,2,0,0,0,0,0,0,1,0,0,3,0,0,0,0,0,0,0,0,0,0
0,0,0,1,0,121,1,0,0,0,0,2,0,0,0,0,0,0,0,0,3,0,0,0,1,1,0,0,0,0,0
0,0,0,0,1,1,113,0,2,1,0,0,0,1,0,0,2,0,0,0,8,0,0,0,0,0,0,0,1,0,0
0,1,1,0,0,0,0,122,0,0,0,0,0,0,0,0,0,0,0,0,5,0,0,0,0,0,0,0,0,0,1
0,0,0,1,0,0,1,0,119,1,0,2,0,0,0,0,0,0,0,0,4,0,0,0,0,2,0,0,0,0,0
0,0,1,0,0,0,3,0,1,119,0,0,0,0,0,0,0,0,0,0,3,0,2,0,0,1,0,0,0,0,0
0,0,0,0,1,0,0,0,0,0,124,1,0,0,0,0,0,0,0,0,4,0,0,0,0,0,0,0,0,0,0
0,1,0,2,0,0,0,0,1,0,0,116,0,2,1,1,0,0,0,0,6,0,0,0,0,0,0,0,0,0,0
0,0,0,0,0,0,0,0,0,0,0,0,118,0,1,1,4,0,0,0,5,0,1,0,0,0,0,0,0,0,0
0,0,0,0,0,1,1,0,0,0,0,0,0,121,0,0,0,0,0,0,7,0,0,0,0,0,0,0,0,0,0
0,0,0,0,0,0,0,0,0,0,1,0,0,0,120,3,0,0,0,0,6,0,0,0,0,0,0,0,0,0,0
0,0,0,0,0,0,0,0,0,0,0,0,0,0,2,124,0,1,0,0,2,0,1,0,0,0,0,0,0,0,0
0,0,0,0,0,0,0,0,0,0,0,0,3,0,1,0,118,0,0,0,8,0,0,0,0,0,0,0,0,0,0
0,1,0,0,0,0,0,0,0,0,0,0,0,0,0,0,0,115,0,0,11,1,0,0,0,1,0,0,1,0,0
0,0,0,0,0,0,0,0,0,0,0,0,1,0,0,0,0,0,125,0,3,0,0,0,0,0,0,0,1,0,0
0,3,0,0,0,0,0,0,0,0,0,1,0,0,1,1,0,0,0,117,5,1,0,0,0,1,0,0,0,0,0
0,0,0,0,2,0,0,0,0,0,0,0,0,0,1,0,0,0,0,0,125,1,0,0,0,1,0,0,0,0,0
0,1,0,0,0,0,0,0,0,0,0,1,0,0,0,0,0,0,0,0,5,120,0,0,1,0,0,1,1,0,0
0,0,0,0,0,0,0,0,1,0,0,1,0,0,0,2,0,0,0,0,6,0,117,2,0,1,0,0,0,0,0
0,1,0,0,0,0,1,0,0,0,0,0,0,0,0,1,0,0,0,0,4,0,0,121,0,1,0,0,1,0,0
0,0,1,1,0,1,0,0,0,1,0,0,0,0,0,0,0,0,0,0,3,0,0,0,122,0,0,0,1,0,0
0,0,0,0,0,0,0,0,0,0,0,0,0,0,0,2,0,0,0,0,0,1,1,0,0,125,0,0,0,0,1
0,0,0,0,1,0,0,0,1,0,0,0,0,0,1,0,0,0,1,0,4,2,0,0,0,0,118,1,0,1,0
0,0,0,0,0,0,0,0,0,0,0,0,0,0,1,0,0,0,0,1,3,1,0,0,0,0,1,123,0,0,0
0,0,0,0,0,0,0,0,0,0,0,0,0,0,0,0,0,0,0,0,1,0,0,0,0,0,0,0,129,0,0
0,0,0,0,0,0,0,0,0,0,0,0,0,0,0,1,0,0,0,0,3,0,0,0,0,1,0,0,1,124,0
0,0,1,0,0,0,0,0,0,0,0,0,0,0,2,0,0,0,0,0,1,0,0,0,0,0,0,0,0,0,126
